step_index,E_pdr_m,N_pdr_m,E_rtk_m,N_rtk_m,error_m
0,0.000000,0.000000,0.000000,0.000000,0.000000
1,0.329259,0.564115,-0.395078,0.446742,0.733785
2,0.646836,1.175030,-0.837391,0.915386,1.506766
3,1.028499,1.748883,-1.162755,1.415864,2.216415
4,1.326965,2.366942,-1.592423,1.898429,2.956743
5,1.712391,2.952875,-1.908397,2.377316,3.666247
6,2.040915,3.565898,-2.360070,2.837907,4.460789
7,2.426688,4.116695,-2.739090,3.332727,5.224928
8,2.803891,4.691937,-3.190456,3.817832,6.057743
9,3.155758,5.296004,-3.575132,4.254349,6.811015
10,3.590808,5.826016,-4.090052,4.722841,7.759678
11,4.003575,6.370438,-4.469888,5.169028,8.558210
12,4.424522,6.875418,-4.937536,5.622485,9.445527
13,4.836659,7.404681,-5.318891,6.084482,10.241002
14,5.226608,7.953343,-5.732867,6.529790,11.051543
15,5.692957,8.443574,-6.061123,7.034739,11.838210
16,6.104492,8.976161,-6.478760,7.498856,12.669675
17,6.624133,9.420722,-6.854099,7.981936,13.554809
18,7.026434,9.969551,-7.267556,8.422060,14.377512
19,7.477438,10.466377,-7.643266,8.863797,15.205392
20,7.898994,10.996810,-8.068879,9.280612,16.059836
21,8.293712,11.555747,-8.469199,9.678609,16.867686
22,8.730605,12.081202,-8.965910,10.134869,17.803226
23,9.126023,12.639762,-9.388018,10.609853,18.624991
24,9.587761,13.132680,-9.828826,11.081708,19.524609
25,10.032635,13.652340,-10.205340,11.525814,20.349391
26,10.420311,14.209825,-10.658344,11.981944,21.196064
27,10.891100,14.703316,-11.043638,12.407266,22.054582
28,11.277384,15.255552,-11.515188,12.868594,22.917218
29,11.763236,15.749127,-11.908138,13.315200,23.796175
30,12.156579,16.308338,-12.332533,13.805679,24.616660
31,12.617956,16.809787,-12.680571,14.293742,25.423335
32,13.067346,17.316733,-13.105560,14.868176,26.287191
33,13.519126,17.842523,-13.414764,15.345523,27.049388
34,13.986844,18.335495,-13.787719,15.868098,27.883946
35,14.406060,18.855040,-14.125208,16.380508,28.638376
36,14.888916,19.326235,-14.479697,16.901765,29.468516
37,15.361066,19.860298,-14.832517,17.459296,30.288897
38,15.799918,20.377831,-15.202014,17.912530,31.099798
39,16.251883,20.887250,-15.552018,18.378580,31.902688
40,16.602933,21.472334,-15.931884,18.895149,32.636731
41,17.051205,21.969729,-16.250632,19.402950,33.400609
42,17.392944,22.551834,-16.582676,19.959679,34.074360
43,17.806274,23.095800,-16.913151,20.528323,34.814227
44,18.214589,23.651741,-17.280818,21.033998,35.591804
45,18.575056,24.233595,-17.640174,21.539068,36.315333
46,18.971516,24.791963,-18.087185,22.009343,37.163023
47,19.341075,25.386755,-18.446876,22.478191,37.899722
48,19.830735,25.891641,-18.915898,22.942888,38.858677
49,20.248363,26.462651,-19.320482,23.422156,39.685490
50,20.632276,27.038727,-19.773007,23.861540,40.530007
51,21.053686,27.571475,-20.143106,24.351220,41.322460
52,21.431775,28.141379,-20.606197,24.817320,42.169189
53,21.921556,28.634968,-20.981329,25.280405,43.033831
54,22.317247,29.220712,-21.435989,25.725804,43.892597
55,22.789863,29.739178,-21.889992,26.198034,44.819963
56,23.242872,30.280565,-22.385097,26.665579,45.770948
57,23.679107,30.831772,-22.808013,27.072775,46.638851
58,24.164129,31.359044,-23.339854,27.480764,47.662033
59,24.598345,31.887837,-23.798542,27.885023,48.562138
60,25.063498,32.388374,-24.315833,28.266411,49.551074
61,25.559744,32.876531,-24.742433,28.687872,50.476270
62,26.043129,33.392049,-25.272694,29.095066,51.495414
63,26.548748,33.851171,-25.742067,29.522276,52.469693
64,27.014252,34.365390,-26.248024,29.905201,53.448697
65,27.558996,34.809652,-26.736556,30.283836,54.483850
66,28.034822,35.322701,-27.268912,30.635743,55.501987
67,28.550347,35.752097,-27.743859,30.967607,56.497159
68,29.075055,36.188905,-28.321943,31.304250,57.604472
69,29.607597,36.620659,-28.856609,31.661909,58.674122
70,30.201572,36.982431,-29.444888,32.029433,59.851753
71,30.765173,37.397214,-29.934370,32.358339,60.908331
72,31.335639,37.756343,-30.504032,32.692105,62.046688
73,31.927823,38.107351,-31.022355,33.024376,63.155059
74,32.524884,38.469182,-31.578448,33.352858,64.307184
75,33.155434,38.738438,-32.129574,33.667823,65.481627
76,33.754049,39.073218,-32.714271,33.964297,66.664373
77,34.389364,39.284172,-33.241162,34.245590,67.817958
78,35.010328,39.567432,-33.832400,34.507539,69.028428
79,35.648037,39.820344,-34.379376,34.784778,70.208229
80,36.289092,40.038905,-34.979562,35.079637,71.440992
81,36.923329,40.274598,-35.502996,35.319305,72.595644
82,37.583810,40.440163,-36.109181,35.585589,73.852717
83,38.223760,40.639423,-36.649264,35.863721,75.025176
84,38.873787,40.783404,-37.254810,36.117581,76.271444
85,39.532257,40.915123,-37.803209,36.342188,77.470550
86,40.183032,41.082633,-38.427999,36.568166,78.740553
87,40.852497,41.183174,-38.980296,36.787708,79.953705
88,41.512351,41.335736,-39.584433,36.969751,81.214225
89,42.181785,41.406385,-40.165277,37.164958,82.456221
90,42.850973,41.556172,-40.813214,37.353530,83.769675
91,43.537216,41.632108,-41.435079,37.546489,85.070461
92,44.235022,41.730137,-42.067109,37.718630,86.395312
93,44.930940,41.811767,-42.641634,37.884512,87.660591
94,45.623796,41.876809,-43.296202,38.034398,89.002978
95,46.313623,41.954576,-43.866856,38.167136,90.259978
96,47.016140,42.014385,-44.520970,38.262363,91.613974
97,47.717769,42.066773,-45.112569,38.409988,92.902334
98,48.394814,42.098421,-45.771338,38.487648,94.235354
99,49.070199,42.029575,-46.419187,38.618337,95.550298
100,49.753034,41.998245,-47.040325,38.681421,96.850171
101,50.433296,41.895977,-47.645475,38.808321,98.127361
102,51.114648,41.878843,-48.317961,38.882735,99.477738
103,51.778919,41.806817,-48.960330,38.927372,100.780393
104,52.447222,41.713437,-49.583951,38.969984,102.068049
105,53.117104,41.638034,-50.189839,39.005795,103.340472
106,53.810053,41.535627,-50.861075,38.988896,104.702105
107,54.501803,41.405369,-51.461471,39.035324,105.989775
108,55.186235,41.279591,-52.123098,39.075363,107.331969
109,55.861027,41.097472,-52.773111,39.162575,108.651368
110,56.540079,40.940294,-53.426502,39.136199,109.981378
111,57.194386,40.702981,-54.041564,39.148027,111.246818
112,57.879943,40.544840,-54.717509,39.086326,112.606897
113,58.549280,40.329357,-55.355045,39.097229,113.910989
114,59.234175,40.146638,-55.981315,39.046059,115.220746
115,59.893494,39.917781,-56.581338,39.020926,116.478285
116,60.544009,39.695177,-57.270294,38.953189,117.816640
117,61.192990,39.454150,-57.895733,38.945874,119.089808
118,61.828990,39.202111,-58.552599,38.899887,120.381969
119,62.484479,38.955266,-59.128541,38.856190,121.613060
120,63.116961,38.701230,-59.808592,38.717457,122.925554
121,63.756211,38.409147,-60.450978,38.629118,124.207384
122,64.393272,38.135747,-61.112678,38.508083,125.506503
123,65.020909,37.828303,-61.732473,38.427203,126.754797
124,65.665245,37.542366,-62.425206,38.321818,128.092823
125,66.266788,37.189786,-63.036260,38.254107,129.307428
126,66.886782,36.864726,-63.701542,38.093347,130.594104
127,67.493133,36.517064,-64.314025,37.993567,131.815428
128,68.093387,36.175365,-64.954559,37.854584,133.058542
129,68.683108,35.824679,-65.573544,37.718939,134.270014
130,69.266025,35.459295,-66.227241,37.517244,135.508894
131,69.848831,35.084230,-66.839052,37.376282,136.707099
132,70.418856,34.674090,-67.492951,37.147827,137.933991
133,70.987737,34.254591,-68.118623,36.988895,139.133231
134,71.575802,33.837101,-68.730744,36.743359,140.336643
135,72.150584,33.433484,-69.343231,36.527843,141.527647
136,72.749721,33.065791,-69.957371,36.234793,142.742274
137,73.291112,32.650528,-70.535212,36.007840,143.865503
138,73.858137,32.269999,-71.172365,35.714806,145.071407
139,74.386729,31.848626,-71.734633,35.474551,146.166342
140,74.936920,31.426614,-72.355778,35.171309,147.340292
141,75.453825,30.972993,-72.942985,34.906185,148.448925
142,75.991902,30.522265,-73.538799,34.598530,149.586251
143,76.533918,30.069245,-74.102578,34.319481,150.696444
144,77.060343,29.626487,-74.707871,33.974754,151.830492
145,77.579828,29.161199,-75.278508,33.719863,152.926297
146,78.095453,28.693852,-75.865149,33.383001,154.031994
147,78.596357,28.207437,-76.437962,33.087877,155.111118
148,79.082908,27.720175,-77.076106,32.770367,156.240655
149,79.539601,27.202346,-77.645328,32.479183,157.273478
150,80.029672,26.720894,-78.213512,32.173902,158.337111
151,80.498961,26.222052,-78.756738,31.878819,159.356131
152,80.970495,25.745845,-79.325813,31.524664,160.400440
153,81.424927,25.240285,-79.841698,31.180997,161.376010
154,81.891195,24.740471,-80.350581,30.792086,162.354599
155,82.326742,24.211299,-80.848405,30.400366,163.292477
156,82.765694,23.690884,-81.333399,29.972032,164.219259
157,83.164918,23.148051,-81.827444,29.576230,165.117537
158,83.587891,22.630706,-82.330499,29.104224,166.044628
159,83.995690,22.090549,-82.774834,28.672643,166.900364
160,84.412294,21.543176,-83.290328,28.176512,167.833759
161,84.809066,20.959533,-83.738726,27.800970,168.686584
162,85.242280,20.408465,-84.238941,27.321306,169.622144
163,85.630058,19.817071,-84.709767,26.901848,170.487096
164,86.021282,19.253857,-85.161141,26.434177,171.332947
165,86.383509,18.679418,-85.600408,25.971445,172.138437
166,86.776513,18.109264,-86.020640,25.466585,172.953711
167,87.128919,17.513223,-86.445713,24.999421,173.735996
168,87.515499,16.954801,-86.890944,24.485265,174.568941
169,87.892102,16.400384,-87.282080,24.047521,175.341019
170,88.283941,15.849845,-87.722497,23.498927,176.172571
171,88.657156,15.277327,-88.115689,23.058039,176.943998
172,89.066955,14.725302,-88.523559,22.571690,177.763766
173,89.414455,14.135383,-88.947099,22.103803,178.539462
174,89.797909,13.569236,-89.338972,21.596225,179.316633
175,90.111647,12.967979,-89.742553,21.108724,180.038344
176,90.478286,12.389857,-90.168680,20.578602,180.832470
177,90.783994,11.768538,-90.508203,20.088737,181.483020
178,91.099704,11.171777,-90.891527,19.527117,182.182930
179,91.399372,10.560832,-91.271901,19.003896,182.866289
180,91.707862,9.963767,-91.619361,18.414887,183.521912
181,92.019776,9.362608,-91.917352,17.929578,184.136526
182,92.316603,8.762206,-92.247787,17.341863,184.763700
183,92.575541,8.144827,-92.604108,16.838555,185.383611
184,92.850806,7.546165,-92.960218,16.294354,186.016848
185,93.105271,6.927023,-93.339775,15.804769,186.656287
186,93.374129,6.320267,-93.683537,15.249989,187.270688
187,93.587008,5.685428,-94.004276,14.744615,187.809901
188,93.823238,5.057863,-94.290525,14.188230,188.335211
189,93.991216,4.415650,-94.567861,13.618230,188.783509
190,94.209898,3.776772,-94.851097,13.025648,189.287088
191,94.386914,3.122628,-95.127961,12.484140,189.745950
192,94.573359,2.460921,-95.422203,11.923606,190.231059
193,94.744246,1.827876,-95.742142,11.383131,190.725895
194,94.911483,1.173465,-96.040006,10.808282,191.194406
195,95.079583,0.514655,-96.312484,10.280778,191.641072
196,95.238631,-0.136228,-96.558578,9.723003,192.050446
197,95.386229,-0.786629,-96.836898,9.165770,192.480598
198,95.538924,-1.427767,-97.129307,8.591114,192.928549
199,95.651720,-2.080593,-97.427864,8.091488,193.347349
200,95.790964,-2.714300,-97.759148,7.470039,193.817870
201,95.883791,-3.362728,-98.046507,6.954127,194.204527
202,96.016487,-4.010852,-98.352537,6.389960,194.647102
203,96.077148,-4.679113,-98.659583,5.868706,195.022180
204,96.171545,-5.349947,-98.954780,5.280940,195.415707
205,96.246960,-6.025129,-99.277901,4.770240,195.822653
206,96.315356,-6.708561,-99.569157,4.184236,196.187144
207,96.376723,-7.389583,-99.894272,3.626545,196.579904
208,96.415549,-8.079745,-100.195002,3.037712,196.924621
209,96.438489,-8.764170,-100.505054,2.476810,197.264084
210,96.463491,-9.454073,-100.788217,1.857053,197.575753
211,96.466118,-10.157078,-101.021469,1.332558,197.821532
212,96.501199,-10.833279,-101.277112,0.703859,198.114527
213,96.477428,-11.500799,-101.571656,0.180903,198.393301
214,96.515270,-12.173078,-101.884397,-0.417969,198.747605
215,96.466691,-12.846232,-102.198521,-0.949643,199.021093
216,96.470451,-13.521874,-102.511349,-1.517733,199.343563
217,96.430526,-14.192600,-102.805048,-2.023230,199.606883
218,96.410538,-14.870678,-103.100550,-2.655008,199.884709
219,96.326483,-15.542833,-103.375628,-3.151866,200.086155
220,96.259342,-16.216055,-103.705059,-3.749459,200.352633
221,96.189207,-16.911565,-103.990927,-4.279307,200.578314
222,96.127113,-17.610511,-104.294463,-4.867746,200.826258
223,96.042842,-18.295143,-104.584545,-5.412547,201.040568
224,95.953815,-18.985220,-104.838806,-5.992212,201.212561
225,95.809976,-19.646919,-105.105101,-6.564611,201.340545
226,95.729926,-20.327681,-105.412184,-7.173078,201.571804
227,95.558869,-21.004343,-105.690399,-7.699628,201.688580
228,95.427907,-21.693211,-105.994976,-8.313127,201.866798
229,95.237291,-22.362893,-106.316953,-8.809042,202.009456
230,95.071107,-23.005773,-106.599488,-9.355968,202.132002
231,94.914104,-23.654203,-106.929366,-9.878050,202.313047
232,94.722757,-24.309882,-107.226953,-10.472361,202.423226
233,94.551637,-24.978538,-107.510482,-10.984356,202.546136
234,94.367391,-25.642584,-107.808994,-11.591848,202.664041
235,94.195200,-26.304597,-108.087850,-12.107821,202.780622
236,94.049770,-26.979344,-108.399272,-12.709289,202.951347
237,93.826639,-27.628691,-108.742974,-13.231051,203.080625
238,93.655623,-28.301471,-109.013731,-13.797602,203.187669
239,93.417266,-28.957421,-109.346508,-14.338729,203.290074
240,93.221281,-29.638586,-109.639151,-15.001207,203.387826
241,92.980370,-30.318838,-109.952154,-15.532309,203.470516
242,92.749323,-30.983258,-110.245569,-16.135665,203.537164
243,92.541685,-31.644627,-110.603695,-16.664521,203.696954
244,92.318882,-32.309131,-110.934606,-17.217994,203.812961
245,92.130723,-32.988929,-111.266413,-17.754541,203.966863
246,91.910541,-33.659868,-111.623994,-18.354333,204.109202
247,91.646576,-34.316823,-111.957948,-18.912836,204.186398
248,91.414738,-34.968165,-112.254679,-19.514793,204.254836
249,91.129405,-35.611887,-112.516062,-20.036447,204.240227
250,90.900113,-36.250240,-112.811536,-20.676976,204.306051
251,90.617828,-36.882769,-113.094986,-21.249669,204.311782
252,90.348037,-37.529272,-113.375903,-21.881702,204.323984
253,90.077100,-38.186255,-113.640369,-22.456470,204.323844
254,89.805964,-38.817700,-113.910513,-23.103460,204.321659
255,89.545878,-39.455108,-114.223854,-23.656846,204.381234
256,89.252733,-40.071732,-114.531457,-24.277950,204.395303
257,88.949139,-40.674650,-114.822914,-24.791479,204.390129
258,88.658014,-41.317232,-115.158648,-25.410160,204.436461
259,88.336435,-41.942492,-115.480449,-25.954886,204.442964
260,88.077179,-42.601296,-115.746291,-26.564567,204.453378
261,87.743790,-43.215587,-116.031876,-27.113894,204.410828
262,87.444677,-43.839233,-116.289480,-27.733791,204.369743
263,87.097012,-44.437578,-116.583282,-28.298500,204.318702
264,86.740668,-45.036362,-116.865560,-28.910126,204.243854
265,86.398791,-45.644108,-117.190286,-29.486890,204.229205
266,86.016246,-46.253189,-117.520627,-30.093964,204.177324
267,85.664502,-46.880277,-117.842797,-30.650151,204.153466
268,85.321817,-47.511251,-118.146230,-31.232153,204.118238
269,84.942334,-48.105419,-118.498374,-31.771281,204.095384
270,84.606288,-48.718173,-118.804905,-32.381329,204.066180
271,84.206228,-49.277071,-119.139052,-32.953655,203.999404
272,83.836240,-49.877756,-119.438461,-33.524915,203.931409
273,83.436724,-50.430889,-119.735440,-34.096805,203.827698
274,83.059428,-51.004590,-120.030085,-34.720310,203.741326
275,82.678630,-51.584036,-120.323678,-35.260891,203.657512
276,82.275344,-52.173496,-120.582288,-35.873308,203.511462
277,81.890123,-52.760912,-120.875676,-36.431186,203.422293
278,81.486240,-53.363830,-121.186255,-37.031251,203.329519
279,81.063173,-53.943741,-121.505033,-37.545368,203.230865
280,80.664112,-54.545164,-121.850542,-38.143692,203.177738
281,80.225079,-55.107362,-122.179410,-38.689007,203.069297
282,79.824599,-55.677880,-122.500456,-39.307341,202.986261
283,79.364236,-56.210018,-122.803868,-39.879550,202.826593
284,78.935340,-56.771668,-123.103266,-40.488396,202.693718
285,78.477240,-57.318467,-123.396453,-41.035142,202.529343
286,78.025223,-57.873560,-123.718883,-41.678052,202.393129
287,77.588753,-58.432834,-124.028478,-42.236209,202.266751
288,77.147442,-58.976688,-124.314845,-42.808564,202.110023
289,76.702145,-59.510215,-124.618770,-43.374749,201.966492
290,76.250365,-60.063461,-124.919880,-44.006594,201.810036
291,75.775893,-60.581593,-125.196424,-44.576116,201.608649
292,75.334048,-61.120151,-125.487328,-45.162343,201.454404
293,74.850663,-61.617429,-125.760267,-45.706884,201.240877
294,74.389112,-62.138215,-126.117945,-46.341993,201.128318
295,73.893991,-62.630619,-126.449446,-46.889128,200.960910
296,73.413062,-63.140156,-126.780720,-47.473409,200.805869
297,72.912486,-63.634539,-127.073450,-48.032149,200.593642
298,72.426533,-64.131117,-127.381665,-48.636342,200.408093
299,71.952875,-64.633848,-127.634213,-49.207403,200.182369
300,71.484142,-65.124385,-127.926014,-49.807248,199.997563
301,71.020218,-65.623120,-128.211311,-50.396637,199.812532
302,70.519852,-66.095723,-128.552819,-51.017986,199.642846
303,69.987286,-66.566813,-128.869081,-51.568435,199.421177
304,69.492388,-67.054308,-129.211453,-52.144637,199.262427
305,68.970619,-67.507729,-129.529192,-52.701328,199.051261
306,68.462703,-67.977587,-129.859320,-53.312718,198.863479
307,67.922764,-68.433589,-130.132485,-53.872907,198.589766
308,67.398387,-68.910748,-130.407273,-54.509932,198.329177
309,66.860900,-69.379265,-130.635174,-55.101882,198.011472
310,66.335369,-69.862383,-130.897834,-55.738997,197.738228
311,65.792406,-70.344766,-131.164612,-56.311665,197.456311
312,65.265676,-70.829951,-131.396506,-56.910129,197.154192
313,64.730170,-71.293339,-131.652981,-57.488295,196.867776
314,64.207337,-71.758745,-131.906736,-58.120550,196.587716
315,63.649570,-72.187127,-132.191567,-58.695579,196.305305
316,63.114970,-72.629419,-132.482760,-59.323935,196.049759
317,62.527082,-73.025015,-132.749441,-59.884269,195.718164
318,61.977808,-73.467216,-133.049540,-60.524366,195.456347
319,61.405955,-73.880549,-133.319770,-61.067274,195.146838
320,60.888150,-74.319575,-133.647394,-61.690809,194.945028
321,60.333871,-74.734401,-133.942827,-62.225863,194.678964
322,59.777170,-75.151379,-134.247247,-62.851106,194.413917
323,59.217011,-75.575710,-134.512070,-63.427990,194.109567
324,58.661242,-75.976700,-134.781505,-64.041234,193.810608
325,58.103573,-76.378129,-135.071226,-64.622151,193.532183
326,57.535888,-76.760237,-135.317681,-65.220149,193.198531
327,56.974177,-77.121160,-135.548968,-65.792466,192.856165
328,56.414581,-77.484050,-135.750880,-66.430455,192.483106
329,55.830356,-77.817229,-135.934006,-67.056830,192.066021
330,55.267375,-78.177419,-136.119850,-67.697427,191.673943
331,54.686692,-78.506848,-136.303441,-68.290637,191.263174
332,54.109218,-78.875490,-136.516113,-68.962259,190.882920
333,53.522468,-79.220413,-136.689649,-69.549991,190.457781
334,52.944854,-79.559105,-136.864742,-70.188107,190.040781
335,52.344109,-79.888282,-136.974004,-70.825770,189.534897
336,51.735430,-80.202930,-137.068368,-71.481097,189.005144
337,51.124899,-80.519148,-137.172574,-72.085204,188.486258
338,50.492475,-80.853982,-137.316674,-72.764180,187.983301
339,49.864262,-81.157822,-137.439557,-73.369841,187.465659
340,49.255287,-81.476171,-137.561990,-74.010317,186.966398
341,48.637643,-81.751110,-137.696778,-74.599744,186.471602
342,48.007066,-82.072333,-137.803476,-75.274883,185.934835
343,47.352439,-82.349757,-137.922939,-75.887375,185.388048
344,46.735925,-82.650437,-137.994973,-76.546667,184.831708
345,46.098373,-82.915450,-138.074535,-77.161040,184.262783
346,45.464850,-83.208400,-138.129960,-77.791036,183.674718
347,44.810480,-83.448999,-138.163280,-78.428626,183.042621
348,44.188696,-83.707288,-138.158353,-79.081513,182.405713
349,43.546667,-83.936334,-138.183848,-79.697503,181.779944
350,42.893556,-84.207348,-138.214310,-80.373448,181.148442
351,42.239353,-84.443126,-138.261830,-80.999719,180.534025
352,41.603787,-84.696647,-138.267894,-81.674016,179.897076
353,40.944486,-84.898566,-138.276725,-82.277397,179.240378
354,40.313206,-85.133953,-138.277976,-82.957678,178.604441
355,39.648012,-85.339330,-138.258570,-83.556173,177.915517
356,39.011979,-85.566323,-138.213806,-84.233965,177.230793
357,38.369365,-85.743215,-138.172896,-84.806939,176.544744
358,37.732528,-85.937789,-138.088725,-85.462723,175.821895
359,37.090864,-86.087741,-138.030461,-86.097094,175.121324
360,36.425120,-86.274215,-137.937133,-86.750441,174.362903
361,35.752281,-86.418037,-137.841812,-87.366427,173.596684
362,35.083916,-86.550351,-137.686186,-88.010610,172.776273
363,34.410645,-86.652073,-137.552641,-88.594426,171.974255
364,33.734353,-86.791799,-137.395611,-89.225413,171.147267
365,33.070833,-86.936524,-137.273292,-89.843991,170.368936
366,32.401556,-87.081789,-137.128115,-90.519712,169.564526
367,31.733267,-87.189895,-137.021303,-91.111550,168.800132
368,31.055340,-87.296765,-136.877163,-91.748284,167.991492
369,30.362362,-87.374622,-136.764438,-92.314496,167.199789
370,29.702584,-87.499164,-136.570440,-92.940065,166.362021
371,29.039307,-87.584271,-136.378342,-93.503794,165.523532
372,28.385173,-87.694519,-136.158493,-94.143670,164.670003
373,27.718821,-87.758790,-135.989623,-94.775087,163.858729
374,27.049113,-87.883780,-135.807274,-95.395852,163.029550
375,26.379517,-87.951123,-135.634653,-95.971010,162.212546
376,25.715315,-88.061276,-135.419080,-96.604941,161.360737
377,25.028722,-88.097209,-135.245032,-97.146144,160.528998
378,24.328998,-88.182199,-134.991495,-97.755428,159.607852
379,23.657511,-88.213625,-134.779602,-98.339820,158.760381
380,22.989343,-88.263884,-134.515777,-98.949124,157.867150
381,22.305836,-88.270210,-134.320584,-99.473876,157.026615
382,21.620959,-88.329474,-134.037521,-100.077265,156.101163
383,20.928104,-88.346465,-133.775117,-100.642148,155.191077
384,20.253682,-88.383109,-133.476875,-101.253006,154.268332
385,19.578084,-88.378852,-133.212311,-101.793418,153.378145
386,18.901566,-88.412326,-132.896230,-102.384757,152.439496
387,18.223024,-88.380219,-132.596803,-102.958225,151.522732
388,17.551592,-88.380509,-132.280284,-103.511750,150.593976
389,16.871989,-88.356682,-131.999702,-104.061857,149.697805
390,16.192429,-88.354417,-131.676639,-104.610414,148.759936
391,15.503291,-88.347439,-131.344207,-105.121516,147.802427
392,14.826362,-88.363531,-130.976793,-105.693738,146.829479
393,14.136920,-88.335460,-130.659620,-106.231295,145.898248
394,13.466265,-88.310577,-130.261714,-106.768690,144.908364
395,12.790525,-88.261389,-129.919342,-107.263619,143.969410
396,12.118391,-88.230368,-129.565451,-107.789225,143.027479
397,11.449996,-88.174391,-129.218578,-108.278579,142.097945
398,10.759521,-88.129215,-128.798476,-108.824357,141.084100
399,10.066641,-88.043632,-128.429290,-109.280942,140.114761
400,9.376959,-88.002301,-128.011185,-109.778025,139.103143
401,8.691743,-87.922738,-127.586089,-110.244305,138.093807
402,8.015199,-87.866743,-127.134106,-110.731995,137.069888
403,7.326581,-87.778806,-126.733012,-111.215625,136.092832
404,6.642356,-87.721501,-126.284743,-111.717303,135.075579
405,5.953427,-87.659455,-125.863588,-112.160878,134.074775
406,5.262056,-87.613064,-125.422149,-112.667217,133.064165
407,4.574336,-87.527440,-124.977058,-113.134224,132.057832
408,3.909728,-87.448188,-124.468009,-113.653305,131.025004
409,3.254275,-87.344431,-124.085741,-114.055259,130.111291
410,2.589779,-87.262266,-123.627220,-114.512083,129.125068
411,1.917569,-87.155583,-123.204012,-114.918332,128.164660
412,1.231994,-87.107849,-122.700158,-115.392261,127.118787
413,0.542385,-87.022000,-122.238792,-115.831677,126.115879
414,-0.151427,-86.933016,-121.697819,-116.268709,125.036428
415,-0.834454,-86.815507,-121.222855,-116.626935,124.024547
416,-1.521523,-86.716927,-120.661467,-116.989615,122.925839
417,-2.207201,-86.592032,-120.152114,-117.325956,121.883455
418,-2.891332,-86.487978,-119.604187,-117.698674,120.813898
419,-3.561311,-86.338016,-119.090488,-118.079867,119.810416
420,-4.257992,-86.200203,-118.566341,-118.473184,118.776867
421,-4.921865,-86.029998,-118.076307,-118.847885,117.817408
422,-5.584285,-85.891455,-117.535605,-119.252351,116.816298
423,-6.243946,-85.722544,-117.015219,-119.611438,115.839250
424,-6.876791,-85.528727,-115.409222,-120.626846,114.066501
425,-7.534269,-85.338421,-114.876383,-120.927016,113.087920
426,-8.185896,-85.116391,-114.281415,-121.230007,112.073424
427,-8.837695,-84.876718,-113.774326,-121.511943,111.147813
428,-9.502016,-84.666352,-113.165407,-121.827152,110.122767
429,-10.130961,-84.429713,-112.616515,-122.119297,109.196124
430,-10.768306,-84.208392,-112.008390,-122.436303,108.217041
431,-11.406924,-83.958283,-111.456371,-122.704787,107.290183
432,-12.054956,-83.735967,-110.860568,-122.979095,106.313556
433,-12.680327,-83.468375,-110.281483,-123.198233,105.377641
434,-13.324225,-83.231499,-109.652212,-123.389363,104.363476
435,-13.959463,-82.978460,-109.076230,-123.570620,103.416259
436,-14.623724,-82.776616,-108.431943,-123.795632,102.384284
437,-15.253059,-82.520365,-107.864644,-124.015231,101.482657
438,-15.908843,-82.291102,-107.267265,-124.278916,100.545203
439,-16.545732,-82.039429,-106.703313,-124.525444,99.666699
440,-17.180540,-81.804294,-106.092295,-124.755367,98.742569
441,-17.808152,-81.536624,-105.463314,-124.912618,97.800328
442,-18.463930,-81.294018,-104.820320,-125.066913,96.816798
443,-19.077937,-80.991757,-104.213450,-125.240154,95.947778
444,-19.702628,-80.694002,-103.550070,-125.388870,95.015919
445,-20.318894,-80.372529,-102.992685,-125.530638,94.203028
446,-20.960421,-80.070146,-102.282051,-125.664094,93.230980
447,-21.580597,-79.724034,-101.669116,-125.808465,92.401005
448,-22.231757,-79.412594,-101.016733,-125.939195,91.497524
449,-22.862098,-79.068488,-100.365684,-126.089880,90.652177
450,-23.481080,-78.741547,-99.707774,-126.252177,89.820759
451,-24.090471,-78.390423,-99.167029,-126.382276,89.105036
452,-24.697953,-78.077142,-98.553166,-126.472425,88.298901
453,-25.270557,-77.737427,-97.947512,-126.499397,87.519538
454,-25.860142,-77.400889,-97.267570,-126.512328,86.665761
455,-26.422681,-77.017560,-96.609480,-126.511922,85.882935
456,-27.016677,-76.647076,-95.956927,-126.502425,85.078280
457,-27.592671,-76.265331,-95.350083,-126.561457,84.384639
458,-28.168067,-75.882778,-94.668359,-126.604206,83.635830
459,-28.742058,-75.451817,-94.043086,-126.665035,82.988059
460,-29.327202,-75.026957,-93.359489,-126.641299,82.244599
461,-29.882958,-74.586720,-92.696497,-126.656976,81.589535
462,-30.454570,-74.148695,-92.009581,-126.615607,80.881371
463,-31.013124,-73.695125,-91.362524,-126.627926,80.274103
464,-31.608626,-73.294706,-90.661268,-126.604476,79.555931
465,-32.176563,-72.870534,-90.031959,-126.593995,78.952246
466,-32.745454,-72.469149,-89.379417,-126.528642,78.293259
467,-33.276832,-72.019129,-88.753673,-126.414799,77.695359
468,-33.833286,-71.600314,-88.072842,-126.296380,77.029794
469,-34.362877,-71.142532,-87.447476,-126.199669,76.480474
470,-34.898747,-70.678082,-86.760824,-126.102239,75.904626
471,-35.412068,-70.198458,-86.139067,-126.016969,75.425026
472,-35.930597,-69.713842,-85.417945,-125.902004,74.873941
473,-36.432249,-69.213483,-84.821481,-125.860080,74.500703
474,-36.929871,-68.745010,-84.123439,-125.788041,74.034723
475,-37.363121,-68.213685,-83.517241,-125.705426,73.725864
476,-37.843136,-67.710884,-82.870150,-125.558507,73.306067
477,-38.267029,-67.166993,-82.295344,-125.418279,73.018524
478,-38.730424,-66.636716,-81.629677,-125.247754,72.633323
479,-39.162849,-66.095428,-81.058692,-125.112929,72.376289
480,-39.604909,-65.537740,-80.407639,-124.940531,72.066319
481,-40.006114,-64.980647,-79.811095,-124.790684,71.844813
482,-40.401425,-64.413074,-79.158681,-124.608033,71.593002
483,-40.768279,-63.851709,-78.578595,-124.423204,71.403963
484,-41.159520,-63.285787,-77.959469,-124.218650,71.183215
485,-41.500507,-62.692745,-77.388998,-124.026744,71.062249
486,-41.873864,-62.125303,-76.760080,-123.799238,70.857055
487,-42.195274,-61.521181,-76.174533,-123.588849,70.760056
488,-42.580512,-60.946873,-75.485135,-123.373447,70.567637
489,-42.878664,-60.324163,-74.928933,-123.167741,70.544561
490,-43.209503,-59.714993,-74.348040,-122.916407,70.455853
491,-43.550801,-59.114456,-73.774089,-122.687036,70.391193
492,-43.910801,-58.517077,-73.163807,-122.377578,70.241739
493,-44.282892,-57.936509,-72.566505,-122.111831,70.131553
494,-44.606532,-57.325038,-71.948423,-121.801270,70.034017
495,-44.927379,-56.703698,-71.426585,-121.509292,70.014090
496,-45.221168,-56.070878,-70.836958,-121.172073,69.959519
497,-45.433352,-55.395414,-70.301921,-120.894432,70.061167
498,-45.696672,-54.762393,-69.707444,-120.563040,70.044574
499,-45.810893,-54.079853,-69.148485,-120.271302,70.185121
500,-46.051715,-53.439055,-68.608209,-119.937485,70.219916
501,-46.171379,-52.770602,-68.075836,-119.605953,70.333274
502,-46.309506,-52.111451,-67.440191,-119.273362,70.407586
503,-46.409185,-51.438857,-66.927361,-118.952809,70.562945
504,-46.439528,-50.734172,-66.374309,-118.633605,70.765306
505,-46.524506,-50.029747,-65.815226,-118.329729,70.971962
506,-46.518651,-49.341349,-65.231807,-117.926150,71.091892
507,-46.559564,-48.645777,-64.704525,-117.529246,71.233222
508,-46.524032,-47.955781,-64.152840,-117.109895,71.365723
509,-46.417169,-47.267118,-63.647521,-116.711747,71.550273
510,-46.348305,-46.570073,-63.153527,-116.266915,71.694249
511,-46.160590,-45.881192,-62.662129,-115.827074,71.866037
512,-46.141677,-45.187448,-62.158325,-115.364722,71.981823
513,-45.975309,-44.509977,-61.662283,-114.939943,72.155812
514,-45.807925,-43.863127,-61.229003,-114.487442,72.288336
515,-45.593668,-43.212990,-60.793429,-114.022199,72.422211
516,-45.301720,-42.598757,-60.322721,-113.531507,72.505762
517,-45.161022,-41.926307,-59.848340,-113.044269,72.618743
518,-44.882016,-41.283695,-59.405974,-112.570201,72.751023
519,-44.647496,-40.623567,-58.961597,-112.084221,72.880165
520,-44.328708,-39.996766,-58.521929,-111.540764,72.938270
521,-43.911541,-39.411832,-58.108197,-111.036431,73.017999
522,-43.629163,-38.761362,-57.709308,-110.469140,73.077054
523,-43.113551,-38.285869,-57.307852,-109.931022,73.037704
524,-42.734465,-37.684654,-56.886654,-109.397334,73.095779
525,-42.216247,-37.197726,-56.476936,-108.936991,73.142938
526,-41.768659,-36.657806,-56.071400,-108.358906,73.113721
527,-41.362118,-36.085772,-55.649373,-107.833868,73.156783
528,-40.875836,-35.582552,-55.231888,-107.276232,73.116892
529,-40.486321,-34.991990,-54.812353,-106.804397,73.227434
530,-40.036234,-34.459406,-54.406190,-106.258455,73.222942
531,-39.625512,-33.896863,-54.015420,-105.788692,73.317832
532,-39.178291,-33.344910,-53.634817,-105.211602,73.306293
533,-38.596695,-32.930804,-53.264459,-104.639359,73.193308
534,-38.151528,-32.382903,-52.923576,-104.029366,73.153462
535,-37.615565,-31.910251,-52.642081,-103.457798,73.108465
536,-37.146364,-31.407708,-52.337070,-102.838324,73.028011
537,-36.623344,-30.922027,-52.043754,-102.263710,72.989210
538,-36.039578,-30.508461,-51.764631,-101.649167,72.857925
539,-35.503385,-30.030369,-51.454225,-101.045606,72.784566
540,-34.881871,-29.668558,-51.137360,-100.410539,72.585596
541,-34.301845,-29.231508,-50.851047,-99.867678,72.548911
542,-33.741247,-28.823870,-50.522633,-99.214958,72.363804
543,-33.147682,-28.459000,-50.202954,-98.639560,72.223218
544,-32.616388,-28.008148,-49.905060,-98.027607,72.122277
545,-31.975801,-27.730437,-49.560899,-97.443422,71.896703
546,-31.368267,-27.421235,-49.234720,-96.844980,71.685888
547,-30.697678,-27.230786,-48.912233,-96.302529,71.433016
548,-30.079378,-26.958651,-48.570316,-95.699823,71.184714
549,-29.454867,-26.675043,-48.241452,-95.151533,71.006798
550,-28.813380,-26.437252,-47.923346,-94.547512,70.740359
551,-28.189062,-26.135334,-47.647041,-93.961533,70.562073
552,-27.551233,-25.896269,-47.341014,-93.344070,70.291119
553,-26.938904,-25.612923,-47.074022,-92.752495,70.093831
554,-26.312445,-25.367002,-46.801218,-92.156047,69.861050
555,-25.658555,-25.150033,-46.515952,-91.600439,69.646877
556,-25.041326,-24.854636,-46.238746,-90.999980,69.458888
557,-24.359027,-24.703813,-45.941962,-90.450855,69.198964
558,-23.708203,-24.452095,-45.631187,-89.817576,68.943914
559,-23.037172,-24.273428,-45.320410,-89.302315,68.740809
560,-22.395610,-24.028433,-45.016726,-88.715381,68.528214
561,-21.747444,-23.780437,-44.703543,-88.137137,68.328378
562,-21.090434,-23.582756,-44.384913,-87.547673,68.074543
563,-20.423999,-23.396021,-44.117979,-86.972726,67.848376
564,-19.742829,-23.356443,-43.833562,-86.321906,67.416711
565,-19.050903,-23.219102,-43.551430,-85.737698,67.147976
566,-18.362490,-23.121572,-43.249403,-85.153858,66.838334
567,-17.680119,-23.017346,-42.943224,-84.621086,66.582620
568,-17.021425,-22.818896,-42.613542,-84.058047,66.371606
569,-16.333522,-22.730637,-42.295938,-83.518418,66.099934
570,-15.663038,-22.526039,-41.989934,-82.945325,65.905960
571,-14.974818,-22.438454,-41.682213,-82.371292,65.614251
572,-14.300142,-22.246684,-41.373761,-81.761923,65.383825
573,-13.621227,-22.135063,-41.065992,-81.204213,65.133553
574,-12.959693,-22.047492,-40.771340,-80.618481,64.838634
575,-12.281926,-21.933220,-40.512780,-80.077452,64.635383
576,-11.600061,-21.917443,-40.212088,-79.471121,64.273430
577,-10.915270,-21.853408,-39.904192,-78.900396,63.989971
578,-10.231495,-21.821817,-39.637187,-78.300280,63.675046
579,-9.554050,-21.727998,-39.341192,-77.756396,63.454356
580,-8.885933,-21.578232,-39.040267,-77.142308,63.219067
581,-8.191665,-21.586996,-38.726567,-76.596972,62.916434
582,-7.519053,-21.470495,-38.442231,-76.011316,62.697241
583,-6.838071,-21.528751,-38.147726,-75.428472,62.333573
584,-6.166171,-21.471323,-37.836983,-74.843129,62.061179
585,-5.484150,-21.470757,-37.535572,-74.306224,61.797089
586,-4.803970,-21.466934,-37.236813,-73.681844,61.467765
587,-4.109861,-21.428925,-36.967504,-73.129320,61.258105
588,-3.438458,-21.461694,-36.672182,-72.521402,60.922690
589,-2.754489,-21.409720,-36.373514,-71.958128,60.707333
590,-2.067250,-21.432086,-36.059063,-71.378817,60.416217
591,-1.389292,-21.477235,-35.752340,-70.823393,60.132041
592,-0.709215,-21.456743,-35.432058,-70.249304,59.886475
593,-0.027983,-21.532554,-35.130500,-69.714807,59.613055
594,0.661487,-21.532605,-34.824828,-69.118123,59.360425
595,1.325058,-21.647153,-34.526261,-68.533094,59.022102
596,2.000903,-21.679925,-34.233168,-67.961700,58.778487
597,2.686321,-21.796576,-33.943654,-67.421385,58.509642
598,3.374960,-21.899350,-33.656025,-66.856272,58.244474
599,4.053341,-21.944671,-33.363921,-66.284244,58.017663
600,4.726877,-22.049903,-33.024133,-65.694235,57.705862
601,5.398688,-22.093687,-32.747362,-65.136777,57.513727
602,6.062483,-22.168425,-32.471907,-64.581659,57.304289
603,6.739837,-22.220127,-32.185459,-64.014951,57.113798
604,7.421631,-22.262861,-31.908147,-63.397408,56.911180
605,8.102117,-22.357333,-31.649486,-62.850359,56.743943
606,8.793280,-22.394086,-31.360818,-62.233829,56.564624
607,9.470822,-22.521635,-31.083740,-61.696439,56.385617
608,10.145748,-22.580195,-30.772671,-61.102390,56.198545
609,10.812680,-22.699859,-30.463119,-60.557564,56.008012
610,11.486770,-22.795481,-30.145736,-59.971342,55.814964
611,12.163000,-22.913166,-29.849223,-59.438926,55.670082
612,12.838952,-23.035351,-29.529565,-58.881391,55.498017
613,13.516797,-23.145015,-29.232623,-58.318298,55.359486
614,14.189201,-23.275560,-28.909407,-57.734148,55.180470
615,14.867181,-23.395826,-28.604304,-57.159349,55.043124
616,15.527988,-23.516577,-28.309014,-56.553607,54.891967
617,16.195029,-23.673963,-28.027431,-56.022171,54.790807
618,16.874422,-23.785151,-27.737596,-55.446429,54.705289
619,17.515990,-23.977836,-27.445052,-54.886054,54.560180
620,18.170929,-24.102773,-27.124211,-54.282393,54.428477
621,18.828293,-24.299551,-26.815794,-53.751892,54.321480
622,19.490795,-24.446256,-26.500947,-53.186164,54.233041
623,20.156755,-24.625880,-26.156016,-52.654117,54.133676
624,20.797905,-24.811780,-25.852108,-52.098363,54.044253
625,21.457102,-24.970371,-25.553508,-51.528417,53.993770
626,22.100887,-25.159847,-25.277046,-50.933160,53.934518
627,22.762888,-25.350033,-24.974844,-50.375863,53.899751
628,23.432762,-25.551175,-24.720491,-49.810784,53.919055
629,24.070760,-25.790271,-24.417588,-49.214446,53.849901
630,24.723428,-25.965029,-24.135406,-48.650269,53.868412
631,25.352405,-26.215416,-23.833624,-48.082090,53.827659
632,26.020979,-26.386761,-23.535853,-47.506509,53.869503
633,26.664189,-26.642613,-23.239849,-46.965439,53.883488
634,27.322601,-26.804952,-22.921900,-46.385577,53.925048
635,27.967248,-27.043998,-22.637775,-45.833975,53.980844
636,28.633443,-27.223977,-22.369681,-45.241895,54.092181
637,29.288669,-27.407091,-22.105206,-44.691984,54.222670
638,29.957057,-27.623186,-21.832449,-44.072451,54.339040
639,30.623531,-27.843175,-21.591231,-43.517771,54.516734
640,31.268509,-28.111354,-21.315032,-42.909013,54.625996
641,31.914670,-28.392321,-21.030614,-42.372941,54.760029
642,32.538820,-28.675817,-20.755215,-41.783552,54.882299
643,33.138228,-28.970407,-20.423135,-41.206096,54.941165
644,33.773647,-29.220668,-20.113795,-40.611707,55.078237
645,34.388116,-29.503857,-19.808976,-40.078478,55.219086
646,35.023868,-29.717250,-19.495779,-39.482895,55.387360
647,35.630527,-30.030479,-19.218258,-38.941044,55.567862
648,36.287378,-30.256723,-18.949616,-38.341935,55.825587
649,36.924785,-30.513834,-18.666192,-37.714478,56.055383
650,37.594399,-30.742222,-18.380525,-37.132287,56.338486
651,38.255625,-30.961717,-18.070732,-36.546603,56.602557
652,38.911467,-31.202699,-17.742529,-35.972239,56.854409
653,39.573676,-31.420268,-17.400311,-35.419221,57.114156
654,40.225859,-31.652548,-17.080789,-34.842601,57.395369
655,40.885168,-31.859184,-16.769115,-34.287822,57.705412
656,41.546491,-32.045061,-16.449074,-33.727287,58.019958
657,42.196229,-32.288363,-16.137668,-33.197298,58.340978
658,42.859655,-32.496048,-15.790918,-32.573101,58.650624
659,43.492043,-32.771290,-15.475405,-32.016609,58.972276
660,44.170695,-32.963507,-15.165912,-31.419525,59.356692
661,44.813627,-33.206931,-14.901411,-30.870031,59.760747
662,45.478034,-33.441616,-14.599997,-30.245616,60.162980
663,46.120912,-33.712273,-14.332148,-29.656713,60.588942
664,46.754162,-34.010321,-14.080160,-29.040352,61.036999
665,47.401179,-34.252483,-13.809839,-28.432952,61.487037
666,48.048109,-34.534568,-13.551968,-27.827157,61.964173
667,48.683371,-34.806644,-13.288837,-27.254676,62.430656
668,49.345838,-35.043494,-13.021340,-26.618052,62.933719
669,49.992403,-35.343405,-12.764669,-26.025712,63.445011
670,50.662344,-35.550680,-12.513436,-25.410974,63.984318
671,51.304835,-35.827066,-12.257474,-24.818023,64.508651
672,51.955123,-36.027884,-11.989566,-24.171653,65.034555
673,52.607846,-36.268880,-11.732966,-23.589815,65.578188
674,53.275985,-36.507368,-11.500832,-22.974898,66.175250
675,53.946547,-36.730537,-11.221086,-22.357235,66.733891
676,54.616840,-36.983836,-10.971272,-21.687400,67.348210
677,55.307670,-37.212507,-10.752001,-21.099728,67.996336
678,55.968475,-37.446440,-10.541270,-20.422714,68.653866
679,56.620751,-37.708712,-10.351085,-19.874560,69.305727
680,57.295138,-37.908469,-10.147902,-19.220004,69.984443
681,57.944649,-38.187881,-9.943584,-18.633190,70.648411
682,58.618244,-38.350836,-9.733568,-17.975917,71.323962
683,59.261459,-38.573415,-9.510818,-17.356787,71.970629
684,59.929248,-38.721279,-9.355547,-16.736544,72.689142
685,60.582899,-38.948426,-9.187270,-16.117714,73.410612
686,61.250773,-39.146136,-9.076736,-15.410794,74.224828
687,61.922576,-39.355110,-8.972904,-14.785563,75.032205
688,62.583198,-39.604237,-8.880759,-14.097154,75.879565
689,63.252849,-39.823993,-8.800041,-13.467991,76.721952
690,63.927162,-40.049160,-8.723819,-12.783804,77.598741
691,64.586338,-40.287679,-8.621128,-12.156540,78.426361
692,65.278374,-40.451631,-8.538960,-11.443094,79.312635
693,65.927595,-40.731552,-8.411241,-10.775234,80.147636
694,66.622059,-40.892418,-8.373679,-10.080059,81.078741
695,67.286088,-41.143279,-8.357115,-9.452820,82.013288
696,67.962304,-41.371609,-8.398960,-8.751740,83.036729
697,68.670663,-41.579206,-8.413713,-8.085577,84.046560
698,69.366771,-41.819038,-8.445611,-7.356794,85.102369
699,70.053655,-42.046825,-8.462036,-6.699472,86.105453
700,70.732859,-42.244566,-8.498504,-5.967811,87.141332
701,71.420053,-42.415038,-8.484759,-5.314526,88.097827
702,72.135619,-42.530459,-8.461236,-4.595996,89.077923
703,72.825816,-42.746979,-8.417664,-3.905271,90.050994
704,73.551505,-42.883460,-8.456047,-3.163186,91.120463
705,74.258011,-43.114077,-8.531924,-2.512804,92.209742
706,74.979847,-43.274908,-8.680072,-1.792673,93.379643
707,75.701789,-43.448531,-8.762407,-1.135751,94.469952
708,76.420662,-43.652520,-8.911335,-0.414443,95.661282
709,77.132927,-43.822602,-9.008819,0.293567,96.781387
710,77.851382,-43.986844,-9.147522,1.029461,97.955485
711,78.582304,-44.110651,-9.223496,1.705249,99.040169
712,79.304189,-44.250543,-9.379797,2.448014,100.227763
713,80.000704,-44.493940,-9.476319,3.118388,101.356160
714,80.731835,-44.634263,-9.621530,3.848969,102.539526
715,81.432789,-44.884432,-9.727923,4.498046,103.676924
716,82.136432,-45.050025,-9.871276,5.214279,104.842351
717,82.829563,-45.240515,-9.972965,5.888332,105.955029
718,83.515975,-45.435502,-10.134100,6.602278,107.136675
719,84.206754,-45.612538,-10.308891,7.235195,108.287073
720,84.898447,-45.816402,-10.534422,7.915866,109.519811
721,85.600147,-45.953995,-10.719677,8.551823,110.672457
722,86.325030,-46.086334,-10.982237,9.239698,111.936026
723,87.039254,-46.263944,-11.214640,9.890520,113.168687
724,87.774839,-46.336465,-11.513126,10.562128,114.435789
725,88.491046,-46.531074,-11.782510,11.156550,115.683395
726,89.219371,-46.657241,-12.107168,11.814401,116.987181
727,89.937580,-46.790734,-12.383451,12.410787,118.213423
728,90.661106,-46.963304,-12.734628,13.102654,119.576742
729,91.389859,-47.092018,-13.039147,13.705972,120.837960
730,92.122602,-47.261959,-13.372600,14.337969,122.162960
731,92.858543,-47.389141,-13.642400,14.942156,123.400331
732,93.594648,-47.450272,-13.965253,15.580939,124.667821
733,94.305187,-47.630274,-14.279602,16.177283,125.944674
734,95.025008,-47.698905,-14.652772,16.772106,127.223138
735,95.737829,-47.884539,-15.016569,17.363211,128.544955
736,96.479447,-48.013595,-15.392096,17.976592,129.884359
737,97.200862,-48.159983,-15.732787,18.577805,131.179043
738,97.910433,-48.318287,-16.112393,19.187666,132.507579
739,98.623900,-48.423821,-16.441263,19.728351,133.733729
740,99.350120,-48.595899,-16.859489,20.348099,135.121976
741,100.075562,-48.749726,-17.219192,20.883957,136.407145
742,100.808897,-48.797904,-17.675530,21.494590,137.766448
743,101.532166,-48.974518,-18.104140,22.014786,139.112641
744,102.276473,-49.033261,-18.541257,22.528741,140.420953
745,102.971722,-49.264718,-18.972888,23.018739,141.758196
746,103.689630,-49.364575,-19.457520,23.616661,143.148459
747,104.404029,-49.474597,-19.853313,24.095683,144.403854
748,105.106838,-49.641603,-20.358308,24.646182,145.808702
749,105.832837,-49.726492,-20.805020,25.146109,147.115781
750,106.552838,-49.872136,-21.310918,25.670930,148.512271
751,107.261930,-49.972347,-21.779195,26.137214,149.814142
752,107.955311,-50.000454,-22.293200,26.633571,151.120643
753,108.654117,-50.115211,-22.781148,27.081897,152.429073
754,109.369594,-50.144073,-23.305715,27.543837,153.747029
755,110.083114,-50.317651,-23.813702,27.914404,155.076148
756,110.801513,-50.435243,-24.387244,28.337458,156.464496
757,111.523806,-50.503486,-24.908039,28.772070,157.791831
758,112.237775,-50.632810,-25.493805,29.200071,159.195719
759,112.955832,-50.685460,-26.012413,29.582652,160.484090
760,113.663425,-50.856218,-26.618555,30.005491,161.918653
761,114.370536,-50.973042,-27.109478,30.405051,163.214547
762,115.087627,-50.978928,-27.694716,30.816704,164.551885
763,115.781562,-51.146537,-28.231377,31.242804,165.914828
764,116.498680,-51.164214,-28.808128,31.619206,167.233857
765,117.180095,-51.308262,-29.346063,31.976388,168.541532
766,117.896217,-51.293956,-29.918938,32.357845,169.843880
767,118.599284,-51.340493,-30.496426,32.708695,171.154306
768,119.284272,-51.468399,-31.108240,33.043455,172.511336
769,119.971244,-51.497296,-31.686803,33.366756,173.787429
770,120.640460,-51.674867,-32.300157,33.657241,175.135379
771,121.328246,-51.802072,-32.889264,33.943680,176.452187
772,122.023520,-51.901117,-33.540226,34.232786,177.817683
773,122.673031,-52.111269,-34.100052,34.490412,179.102348
774,123.346408,-51.968721,-34.740634,34.783840,180.326148
775,124.033239,-52.047730,-35.312292,35.090077,181.614966
776,124.724487,-51.993576,-35.956733,35.371972,182.896674
777,125.404374,-52.029682,-36.581522,35.620315,184.179131
778,126.113758,-52.070998,-37.209816,35.853143,185.486508
779,126.817286,-51.971089,-37.820049,36.091332,186.709512
780,127.521991,-51.981037,-38.489728,36.321967,188.035399
781,128.219757,-51.921112,-39.137292,36.544510,189.300154
782,128.926121,-51.910642,-39.805254,36.721406,190.593591
783,129.619548,-52.062259,-40.488083,36.929550,191.979552
784,130.319309,-52.145360,-41.122014,37.122302,193.289531
785,130.954427,-52.422858,-41.734314,37.305079,194.608592
786,131.643515,-52.361317,-42.384604,37.482219,195.851084
787,132.339739,-52.293834,-43.007013,37.661223,197.074594
788,133.011666,-52.150265,-43.688073,37.817443,198.285114
789,133.654443,-51.911896,-44.314331,37.944369,199.366579
790,134.327429,-51.821170,-44.976861,38.030881,200.557771
791,134.974446,-51.554017,-45.659043,38.140233,201.676761
792,135.664669,-51.451596,-46.330185,38.248030,202.899359
793,136.303237,-51.187716,-46.963555,38.394308,203.989354
794,136.868480,-50.782824,-47.621824,38.490686,204.954707
795,137.526237,-50.581048,-48.259666,38.607254,206.084825
796,138.106605,-50.218507,-48.926522,38.679999,207.085333
797,138.779302,-50.325131,-49.538734,38.780699,208.335143
798,139.446790,-50.101611,-50.225637,38.844474,209.492328
799,140.153561,-50.118752,-50.847351,38.956139,210.750290
800,140.831997,-49.989394,-51.558614,39.011356,211.979434
801,141.480177,-49.834052,-52.169468,39.044298,213.071692
802,142.043267,-50.226543,-52.802580,39.097315,214.344713
803,142.712645,-50.050959,-53.429034,39.128238,215.463425
804,143.295007,-50.415455,-54.071670,39.115949,216.724428
805,143.980407,-50.376646,-54.665286,39.101562,217.867990
806,144.352739,-50.958485,-55.355665,39.036759,219.049288
807,144.735556,-51.546546,-55.960335,38.982151,220.168767
808,145.418893,-51.445592,-56.619249,38.876596,221.308627
809,145.724718,-52.049047,-57.259565,38.811958,222.392314
810,145.478626,-51.399470,-57.916575,38.711967,222.462758
811,144.789912,-51.373614,-58.518229,38.636208,222.342007
812,144.477756,-51.984317,-59.192434,38.557717,222.888775
813,144.018166,-52.495742,-59.856719,38.509300,223.264162
814,143.980006,-53.185746,-60.521330,38.450711,224.093812
815,143.928164,-53.872313,-61.165807,38.429323,224.906933
816,143.633541,-54.506897,-61.840683,38.361566,225.486603
817,143.236865,-55.066224,-62.448689,38.260262,225.868059
818,142.807461,-55.595696,-63.095455,38.136025,226.233609
819,142.517375,-56.212501,-63.710930,38.012252,226.734246
820,142.291515,-56.857998,-64.374665,37.857759,227.336720
821,141.930267,-57.452157,-64.969172,37.728713,227.742784
822,141.551415,-58.026946,-65.633355,37.552875,228.168865
823,141.069579,-58.538345,-66.233870,37.405217,228.429173
824,140.520745,-58.939436,-66.881785,37.179194,228.592651
825,139.966094,-59.338654,-67.487142,37.012391,228.736462
826,139.547025,-59.899248,-68.127613,36.788180,229.079057
827,139.018155,-60.368989,-68.728245,36.544766,229.239706
828,138.604755,-60.924306,-69.333669,36.291421,229.541469
829,138.159021,-61.455702,-69.903723,36.079312,229.789434
830,137.706025,-61.981966,-70.554450,35.816442,230.080321
831,137.287766,-62.531794,-71.137939,35.580964,230.363599
832,136.734182,-62.968034,-71.771281,35.306830,230.504830
833,136.246670,-63.485891,-72.357982,35.071140,230.714952
834,135.741053,-63.981177,-72.932391,34.795429,230.871012
835,135.290319,-64.477900,-73.549580,34.503981,231.109317
836,134.870332,-65.031602,-74.138917,34.148470,231.347256
837,134.389482,-65.528496,-74.687558,33.868487,231.501553
838,134.004392,-66.117721,-75.298125,33.550508,231.821697
839,133.533299,-66.651701,-75.864560,33.283330,232.022572
840,133.151222,-67.197561,-76.471412,32.938764,232.312144
841,132.699135,-67.700068,-77.052493,32.594652,232.496831
842,132.257870,-68.233316,-77.611342,32.219552,232.671153
843,131.799026,-68.765578,-78.155405,31.881072,232.831723
844,131.352050,-69.327984,-78.746784,31.473670,233.028954
845,130.949306,-69.892160,-79.247392,31.147677,233.220283
846,130.530620,-70.440647,-79.828771,30.749588,233.432082
847,130.077993,-70.967342,-80.335718,30.396388,233.556279
848,129.608274,-71.468879,-80.884736,29.941580,233.648001
849,129.087546,-71.930151,-81.409116,29.552652,233.682700
850,128.684765,-72.502346,-81.956142,29.090412,233.860386
851,128.210775,-73.017520,-82.428985,28.725614,233.924718
852,127.791556,-73.560102,-82.971349,28.285646,234.080239
853,127.337270,-74.087092,-83.481974,27.896213,234.190837
854,126.920939,-74.629082,-84.015721,27.474190,234.348784
855,126.458660,-75.135522,-84.491412,27.080770,234.410118
856,126.023857,-75.656656,-84.982439,26.601720,234.479067
857,125.597167,-76.195098,-85.431882,26.144522,234.534981
858,125.156600,-76.708820,-85.865251,25.665759,234.543762
859,124.684338,-77.225924,-86.258040,25.217516,234.502335
860,124.239295,-77.766966,-86.720031,24.677835,234.518175
861,123.801659,-78.290818,-87.159467,24.170646,234.527074
862,123.337304,-78.810712,-87.619566,23.660500,234.527504
863,122.826588,-79.288692,-88.030960,23.218607,234.453944
864,122.354992,-79.805790,-88.460345,22.704848,234.417442
865,121.849725,-80.293632,-88.870204,22.213547,234.330131
866,121.390798,-80.836165,-89.273653,21.659263,234.275102
867,120.911055,-81.332061,-89.649812,21.152840,234.177355
868,120.440656,-81.869426,-90.040866,20.585469,234.092880
869,119.988616,-82.392843,-90.428384,20.080948,234.043141
870,119.544896,-82.916184,-90.804100,19.526368,233.968324
871,119.096287,-83.443370,-91.182518,19.025491,233.916744
872,118.643898,-83.965971,-91.554543,18.463514,233.827252
873,118.179723,-84.485439,-91.905070,17.937904,233.722402
874,117.737817,-85.034172,-92.280653,17.382321,233.659787
875,117.275453,-85.561754,-92.653277,16.850562,233.577298
876,116.842272,-86.118478,-93.035625,16.252947,233.513683
877,116.356297,-86.604045,-93.396216,15.753028,233.394703
878,115.958465,-87.160366,-93.769752,15.207410,233.377563
879,115.479783,-87.646402,-94.152981,14.672084,233.270161
880,115.063731,-88.193326,-94.528835,14.086409,233.217040
881,114.597899,-88.685562,-94.840297,13.594847,233.078614
882,114.136020,-89.205967,-95.216415,12.998293,232.968137
883,113.650612,-89.698104,-95.589867,12.461661,232.848010
884,113.184141,-90.235030,-95.978338,11.884361,232.760205
885,112.712590,-90.764726,-96.298889,11.359159,232.626495
886,112.230837,-91.297551,-96.603656,10.741711,232.430326
887,111.757290,-91.830036,-96.865700,10.161526,232.219360
888,111.296487,-92.357292,-97.133657,9.511394,231.992142
889,110.777747,-92.845669,-97.375651,8.957136,231.714584
890,110.319382,-93.379599,-97.681049,8.281094,231.514742
891,109.811382,-93.864776,-97.969851,7.774604,231.308461
892,109.389379,-94.431629,-98.286810,7.165230,231.195418
893,108.903699,-94.936847,-98.640329,6.625516,231.061544
894,108.458061,-95.511680,-99.017979,6.030013,230.991391
895,107.940260,-96.019501,-99.325954,5.509742,230.797467
896,107.475700,-96.541823,-99.670678,4.867769,230.637220
897,106.987293,-97.045193,-99.949471,4.318945,230.428975
898,106.509987,-97.574618,-100.271558,3.692382,230.246851
899,106.032994,-98.080142,-100.546488,3.155437,230.051570
900,105.569886,-98.607233,-100.886597,2.518244,229.892674
901,105.090156,-99.119302,-101.206843,1.957955,229.728239
902,104.617227,-99.659644,-101.528900,1.365427,229.569795
903,104.101259,-100.156758,-101.856634,0.842547,229.389436
904,103.639304,-100.699170,-102.175736,0.212111,229.222419
905,103.138447,-101.198244,-102.515031,-0.367848,229.041746
906,102.703164,-101.761800,-102.807910,-0.984014,228.890725
907,102.195020,-102.272710,-103.083388,-1.520738,228.670472
908,101.700891,-102.802766,-103.388762,-2.166712,228.449953
909,101.183917,-103.296639,-103.663913,-2.717077,228.207980
910,100.710625,-103.820572,-103.983367,-3.395777,228.001689
911,100.250313,-104.367934,-104.268161,-3.966772,227.833710
912,99.772776,-104.914382,-104.574005,-4.594364,227.643829
913,99.285690,-105.446658,-104.846332,-5.154569,227.438752
914,98.814250,-105.992252,-105.121710,-5.799010,227.219192
915,98.325296,-106.495193,-105.394512,-6.348883,227.004501
916,97.887671,-107.055875,-105.716131,-6.981475,226.868671
917,97.374400,-107.532929,-106.017761,-7.547335,226.639560
918,96.948020,-108.084341,-106.368554,-8.147113,226.550389
919,96.427223,-108.537331,-106.658842,-8.692702,226.302672
920,95.970777,-109.060728,-106.959104,-9.280902,226.133922
921,95.483574,-109.562643,-107.259961,-9.827389,225.947033
922,95.009196,-110.090219,-107.586297,-10.455440,225.769845
923,94.548019,-110.623116,-107.901139,-10.964143,225.649224
924,94.065931,-111.136429,-108.245457,-11.543762,225.496335
925,93.595650,-111.641983,-108.571345,-12.067363,225.358822
926,93.101287,-112.123919,-108.906138,-12.666250,225.164002
927,92.613786,-112.587082,-109.202316,-13.186375,224.967196
928,92.156025,-113.118151,-109.490368,-13.762843,224.794895
929,91.674015,-113.623684,-109.818327,-14.377257,224.608587
930,91.247301,-114.181275,-110.105755,-15.021227,224.445469
931,90.737123,-114.666661,-110.372749,-15.567168,224.200558
932,90.279558,-115.201937,-110.624728,-16.190977,223.977013
933,89.771241,-115.686959,-110.905563,-16.775999,223.728759
934,89.273172,-116.197518,-111.179624,-17.441384,223.459387
935,88.768182,-116.720375,-111.505489,-18.021469,223.273414
936,88.270725,-117.247500,-111.821263,-18.680183,223.052279
937,87.801865,-117.808744,-112.095568,-19.261541,222.868874
938,87.330379,-118.346595,-112.386782,-19.899011,222.663135
939,86.851056,-118.860373,-112.662952,-20.481153,222.450692
940,86.380278,-119.407520,-112.941230,-21.106055,222.243653
941,85.854837,-119.895236,-113.267386,-21.684782,222.024668
942,85.394949,-120.453178,-113.583782,-22.288177,221.875873
943,84.883156,-120.971225,-113.941300,-22.858456,221.714410
944,84.424829,-121.541388,-114.234955,-23.489059,221.539994
945,83.911700,-122.032148,-114.545659,-24.077530,221.315229
946,83.414151,-122.552871,-114.876639,-24.660327,221.138390
947,82.906514,-123.041166,-115.197997,-25.230063,220.935305
948,82.399122,-123.542194,-115.546978,-25.847460,220.741748
949,81.904742,-124.057239,-115.836300,-26.407073,220.538148
950,81.400105,-124.552862,-116.105800,-27.008167,220.280617
951,80.879325,-125.040953,-116.407330,-27.591635,220.041800
952,80.409492,-125.564356,-116.701757,-28.235780,219.831063
953,79.878671,-126.022724,-116.980817,-28.803503,219.556906
954,79.421589,-126.579881,-117.286921,-29.420830,219.394893
955,78.888592,-127.043113,-117.603688,-29.985977,219.155889
956,78.405526,-127.553731,-117.984460,-30.587223,219.024041
957,77.871649,-128.004923,-118.345290,-31.157320,218.816237
958,77.362013,-128.476845,-118.708174,-31.772594,218.621203
959,76.843654,-128.957644,-118.987872,-32.310325,218.381984
960,76.342013,-129.439763,-119.277323,-32.911272,218.139116
961,75.855266,-129.964194,-119.551888,-33.422114,217.954879
962,75.359148,-130.487170,-119.861855,-34.082207,217.727254
963,74.850277,-130.978171,-120.142515,-34.668937,217.480246
964,74.369733,-131.499731,-120.416253,-35.317583,217.238546
965,73.826248,-131.943445,-120.667443,-35.884239,216.922030
966,73.414182,-132.522197,-120.960220,-36.531977,216.784525
967,72.918733,-132.979618,-121.232798,-37.065861,216.550839
968,72.465801,-133.515369,-121.555544,-37.680836,216.399029
969,71.964019,-134.037057,-121.863304,-38.209428,216.222029
970,71.467791,-134.575326,-122.165339,-38.859241,215.998513
971,71.032498,-135.135819,-122.435347,-39.419501,215.850459
972,70.556429,-135.668075,-122.731448,-40.058243,215.641933
973,70.105201,-136.216799,-123.038487,-40.614342,215.509430
974,69.633177,-136.759898,-123.340955,-41.231921,215.324430
975,69.107734,-137.240651,-123.691145,-41.799544,215.128828
976,68.657283,-137.805723,-124.021354,-42.414096,214.999115
977,68.116626,-138.278714,-124.338905,-42.931383,214.779526
978,67.695495,-138.850147,-124.652537,-43.535022,214.668904
979,67.153151,-139.311611,-124.974099,-44.073958,214.436683
980,66.623939,-139.770290,-125.300249,-44.715176,214.173688
981,66.151335,-140.291841,-125.582179,-45.210578,214.014455
982,65.603929,-140.721990,-125.895137,-45.864018,213.705234
983,65.099166,-141.191227,-126.144222,-46.425431,213.435211
984,64.567083,-141.649922,-126.411660,-47.077750,213.112121
985,64.084342,-142.146469,-126.700311,-47.646623,212.906094
986,63.647928,-142.696465,-126.990773,-48.257398,212.748330
987,63.065651,-143.097879,-127.300827,-48.799624,212.441891
988,62.603519,-143.633066,-127.607005,-49.425058,212.262084
989,62.052320,-144.056820,-127.898050,-49.954154,211.982204
990,61.556058,-144.580188,-128.213271,-50.530956,211.796261
991,61.014521,-145.044665,-128.550311,-51.090349,211.570885
992,60.439825,-145.446856,-128.855137,-51.727431,211.224794
993,59.982271,-145.968428,-129.155984,-52.275609,211.072556
994,59.434713,-146.414051,-129.461959,-52.927324,210.764610
995,58.950378,-146.922019,-129.751088,-53.492075,210.564474
996,58.414788,-147.353122,-130.047100,-54.106233,210.268556
997,57.864554,-147.768957,-130.355152,-54.655216,209.992444
998,57.387763,-148.287878,-130.626831,-55.287812,209.758194
999,56.762626,-148.626996,-130.897651,-55.865536,209.334823
1000,56.451802,-149.282689,-131.194903,-56.525734,209.320659
1001,55.837844,-149.631815,-131.497348,-57.115435,208.934811
1002,55.359261,-150.144800,-131.819491,-57.768255,208.732631
1003,54.792657,-150.573043,-132.122137,-58.312250,208.444703
1004,54.170022,-150.942195,-132.442399,-58.927962,208.064448
1005,54.166532,-151.657693,-132.765357,-59.480407,208.423087
1006,53.443983,-151.696825,-133.060257,-60.049905,207.805172
1007,54.089276,-151.425976,-133.349775,-60.568331,208.299087
1008,54.483747,-152.012964,-133.613871,-61.223330,208.862327
1009,54.233584,-152.671957,-133.897366,-61.806993,208.925096
1010,54.344401,-151.969278,-134.170079,-62.473566,208.679638
1011,53.635737,-151.925669,-134.380160,-63.043031,207.966586
1012,54.048971,-151.353404,-134.578950,-63.655456,208.017842
1013,53.548353,-150.865818,-134.766616,-64.226504,207.289407
1014,53.932134,-150.286680,-134.956870,-64.910582,207.287564
1015,54.558501,-149.974054,-135.141821,-65.465641,207.672540
1016,54.576510,-149.264055,-135.353077,-66.139496,207.323275
1017,55.171238,-148.906397,-135.592833,-66.699399,207.723185
1018,55.302301,-148.223175,-135.846625,-67.351864,207.552598
1019,55.884403,-147.843468,-136.076111,-67.897659,207.942712
1020,56.152411,-147.201963,-136.280275,-68.552778,207.884663
1021,56.652343,-146.705325,-136.496766,-69.126700,208.146634
1022,57.105814,-146.168457,-136.734889,-69.788291,208.346222
1023,57.525680,-145.628783,-136.917619,-70.383283,208.494800
1024,58.104359,-145.241658,-137.066902,-71.002558,208.813948
1025,58.610429,-144.771338,-137.197993,-71.621997,209.025751
1026,59.152972,-144.306959,-137.296034,-72.302831,209.229077
1027,59.621155,-143.761909,-137.412184,-72.886083,209.393217
1028,59.984517,-143.142661,-137.476032,-73.583570,209.354091
1029,60.371590,-142.549484,-137.598588,-74.176800,209.444540
1030,60.696941,-141.924223,-137.705873,-74.886817,209.422277
1031,61.251196,-141.500568,-137.803870,-75.525545,209.703655
1032,61.734581,-140.985233,-137.866841,-76.222303,209.845097
1033,62.304557,-140.584221,-137.922106,-76.820394,210.134581
1034,62.793825,-140.092930,-137.994055,-77.519317,210.312221
1035,63.277934,-139.592878,-138.039972,-78.120244,210.494142
1036,63.811000,-139.146160,-138.069015,-78.797218,210.707227
1037,64.331019,-138.688175,-138.138868,-79.419398,210.966450
1038,64.918086,-138.277154,-138.211478,-80.092575,211.298521
1039,65.462114,-137.839684,-138.272190,-80.740963,211.584334
1040,65.987399,-137.393201,-138.258169,-81.397538,211.782355
1041,66.535628,-136.960185,-138.275913,-81.996420,212.058442
1042,66.996193,-136.439557,-138.223686,-82.696437,212.140335
1043,67.578377,-136.054050,-138.201478,-83.302479,212.433700
1044,68.063868,-135.543534,-138.144584,-83.998146,212.553176
1045,68.657657,-135.141459,-138.089047,-84.616512,212.830847
1046,69.167722,-134.670694,-138.013723,-85.319625,212.978119
1047,69.698940,-134.203574,-137.908699,-85.940112,213.143833
1048,70.235708,-133.734459,-137.789918,-86.642739,213.289220
1049,70.748503,-133.250271,-137.699499,-87.281755,213.456493
1050,71.296392,-132.817241,-137.547696,-87.979420,213.603097
1051,71.844377,-132.383934,-137.447471,-88.564406,213.829906
1052,72.353097,-131.902703,-137.305511,-89.232520,213.956716
1053,72.901794,-131.475074,-137.192071,-89.853661,214.176970
1054,73.382701,-130.971501,-137.053852,-90.518010,214.289588
1055,73.962434,-130.546481,-136.970617,-91.119463,214.586211
1056,74.453460,-130.013479,-136.797843,-91.864738,214.668208
1057,74.982889,-129.559484,-136.686708,-92.478829,214.892980
1058,75.505729,-129.062253,-136.470426,-93.119644,215.001771
1059,76.006467,-128.574278,-136.306516,-93.684467,215.160641
1060,76.537492,-128.091218,-136.058814,-94.391502,215.250692
1061,77.025800,-127.561558,-135.873396,-95.012859,215.372899
1062,77.554843,-127.060586,-135.626044,-95.723912,215.471757
1063,78.090459,-126.584888,-135.484864,-96.309581,215.710484
1064,78.586686,-126.054382,-135.222715,-96.970785,215.778395
1065,79.154268,-125.608325,-135.006768,-97.563645,215.989476
1066,79.638538,-125.085361,-134.713453,-98.172089,216.034951
1067,80.199414,-124.645234,-134.462041,-98.763816,216.216068
1068,80.677721,-124.118979,-134.098006,-99.449452,216.187877
1069,81.211890,-123.643531,-133.829575,-100.047532,216.332158
1070,81.717235,-123.152797,-133.515981,-100.700113,216.401155
1071,82.209895,-122.635731,-133.298337,-101.252943,216.566436
1072,82.726871,-122.157570,-132.995003,-101.865435,216.674173
1073,83.196074,-121.635956,-132.708036,-102.473067,216.752857
1074,83.718591,-121.157215,-132.369235,-103.044433,216.845616
1075,84.217918,-120.650026,-132.062487,-103.620254,216.949825
1076,84.671947,-120.109962,-131.694663,-104.224549,216.948971
1077,85.140857,-119.597286,-131.399044,-104.763750,217.047374
1078,85.517112,-118.999868,-131.021805,-105.362492,216.967925
1079,86.027441,-118.504437,-130.689332,-105.883365,217.083972
1080,86.424530,-117.920797,-130.304234,-106.449898,217.032114
1081,86.913277,-117.418748,-129.967054,-106.942927,217.133187
1082,87.345307,-116.853529,-129.551486,-107.499002,217.098425
1083,87.783625,-116.304888,-129.204717,-108.032902,217.145956
1084,88.262252,-115.769342,-128.783378,-108.586587,217.164448
1085,88.697063,-115.203516,-128.390590,-109.068788,217.174317
1086,89.164377,-114.655659,-127.927016,-109.661672,217.148827
1087,89.616988,-114.100815,-127.555336,-110.163744,217.208008
1088,90.060702,-113.527868,-127.108158,-110.661754,217.187772
1089,90.520995,-112.998498,-126.688809,-111.150538,217.217665
1090,90.918588,-112.435365,-126.208692,-111.656284,217.128678
1091,91.389338,-111.947430,-125.782750,-112.119640,217.172157
1092,91.821821,-111.368604,-125.286760,-112.640355,217.112305
1093,92.313706,-110.853928,-124.841689,-113.094317,217.166952
1094,92.709107,-110.273356,-124.354420,-113.581171,217.088729
1095,93.139943,-109.733688,-123.918194,-114.055527,217.101159
1096,93.552619,-109.164755,-123.434049,-114.546466,217.053396
1097,93.936092,-108.584932,-122.996367,-115.039206,217.028453
1098,94.375154,-108.024852,-122.508265,-115.480888,217.011544
1099,94.766744,-107.431711,-122.102223,-115.852727,217.032399
1100,95.183526,-106.896660,-121.554029,-116.195851,216.936955
1101,95.557946,-106.294504,-120.994815,-116.561298,216.795999
1102,95.907560,-105.673977,-120.349825,-116.837854,216.545350
1103,96.327648,-105.108493,-119.820729,-117.160700,216.484126
1104,96.659989,-104.454777,-119.210469,-117.549418,216.267252
1105,97.108687,-103.894229,-118.675716,-117.971025,216.243069
1106,97.418641,-103.228574,-118.100432,-118.391596,216.051818
1107,97.817290,-102.624721,-117.568857,-118.788948,215.991838
1108,98.226671,-102.015941,-116.957512,-119.172538,215.867047
1109,98.571292,-101.390784,-116.446508,-119.519759,215.780708
1110,98.965764,-100.783579,-115.826811,-119.868897,215.638818
1111,99.318849,-100.157449,-115.312062,-120.211077,215.565711
1112,99.669605,-99.506290,-114.637202,-120.592908,215.341712
1113,100.028268,-98.873116,-114.126340,-120.914524,215.285902
1114,100.320736,-98.206674,-113.462648,-121.230366,215.019594
1115,100.706065,-97.596094,-112.893068,-121.500975,214.932625
1116,101.002075,-96.928535,-112.246711,-121.798231,214.694076
1117,101.404273,-96.333846,-111.678207,-122.073929,214.631533
1118,101.687772,-95.672775,-110.995769,-122.368789,214.352433
1119,102.021219,-95.053249,-110.439005,-122.661031,214.246439
1120,102.332065,-94.419116,-109.744672,-122.939105,213.985822
1121,102.652785,-93.790553,-109.209986,-123.190550,213.892948
1122,103.015381,-93.165017,-108.594881,-123.405330,213.760098
1123,103.300379,-92.527839,-107.932637,-123.665815,213.515715
1124,103.586318,-91.870179,-107.245645,-123.887353,213.249188
1125,103.914150,-91.232665,-106.616651,-124.160798,213.090310
1126,104.139655,-90.525896,-105.922651,-124.403384,212.776542
1127,104.471405,-89.889250,-105.346011,-124.631973,212.674410
1128,104.709045,-89.196491,-104.624232,-124.872624,212.351612
1129,105.053701,-88.578141,-104.024260,-125.098546,212.243572
1130,105.309886,-87.891498,-103.317538,-125.256134,211.946970
1131,105.622772,-87.243312,-102.701093,-125.404373,211.790225
1132,105.901888,-86.575671,-101.965348,-125.475639,211.475756
1133,106.180901,-85.912679,-101.334646,-125.571363,211.271185
1134,106.515953,-85.249335,-100.583385,-125.598537,210.993351
1135,106.815263,-84.565926,-99.914190,-125.671536,210.776512
1136,107.088546,-83.867922,-99.167030,-125.703320,210.455608
1137,107.395669,-83.199479,-98.524781,-125.822377,210.285385
1138,107.630069,-82.486269,-97.752162,-125.917112,209.924031
1139,107.976204,-81.843936,-97.118051,-126.039193,209.801988
1140,108.173085,-81.149160,-96.408151,-126.138461,209.469614
1141,108.465320,-80.489827,-95.768647,-126.244959,209.296549
1142,108.705049,-79.809823,-95.023130,-126.300567,208.965452
1143,108.943318,-79.144360,-94.373881,-126.354224,208.726267
1144,109.242539,-78.478831,-93.659636,-126.355056,208.474040
1145,109.494774,-77.801151,-93.001582,-126.382106,208.242366
1146,109.776710,-77.139370,-92.270403,-126.327428,207.948313
1147,110.039961,-76.471645,-91.645743,-126.306002,207.751261
1148,110.245308,-75.751984,-90.893299,-126.238029,207.377867
1149,110.554556,-75.091137,-90.242879,-126.176322,207.193885
1150,110.750715,-74.389071,-89.516350,-126.098762,206.835175
1151,111.042923,-73.716590,-88.833662,-126.063943,206.617750
1152,111.247668,-73.013675,-88.087698,-126.015926,206.261550
1153,111.462742,-72.321103,-87.461572,-125.971014,206.032026
1154,111.681925,-71.622284,-86.730885,-125.873328,205.695937
1155,111.868526,-70.924067,-86.061121,-125.825090,205.402696
1156,112.140576,-70.250305,-85.411010,-125.682066,205.181162
1157,112.376195,-69.570683,-84.765838,-125.562926,204.939290
1158,112.556704,-68.858966,-84.007367,-125.353154,204.521460
1159,112.845287,-68.190562,-83.358694,-125.222724,204.324912
1160,113.023638,-67.476461,-82.634631,-125.040770,203.950503
1161,113.315576,-66.812703,-82.007849,-124.928958,203.786013
1162,113.510773,-66.097576,-81.330685,-124.755868,203.479702
1163,113.786005,-65.413108,-80.678541,-124.625987,203.279671
1164,114.093217,-64.756571,-79.986389,-124.470912,203.058357
1165,114.331451,-64.082715,-79.332073,-124.367588,202.829551
1166,114.628063,-63.422002,-78.663226,-124.189765,202.618468
1167,114.853174,-62.744204,-77.996216,-124.001757,202.344694
1168,115.169067,-62.135224,-76.765871,-123.488225,201.502385
1169,115.330728,-61.453817,-76.181808,-123.235131,201.231167
